date,time,location,latitude,longitude,deaths,injured,cause,vehicle,url
2024-01-02,Midnight,"New Avadi Road, Ayanavaram, Chennai",13.0963,80.2343,1,0,Deliberate hit-and-run (Murder case),"Car, Two-wheeler",https://www.newindianexpress.com/states/tamil-nadu/2024/Jan/04/road-crash-takes-a-murder-turn-in-chennai-2647685.html
2024-01-09,Midnight,"West Mogappair, Chennai",13.0833,80.1833,2,0,Murder-suicide involving techie and partner,,https://timesofindia.indiatimes.com/city/chennai/techie-murders-gay-partner-in-chennai-dies-by-suicide/articleshow/106712412.cms
2024-01-22,05:00 AM,"Janwada ORR, Hyderabad",17.45,78.25,0,0,Truck crashed into solar roof cycle track,Truck,https://www.newindianexpress.com/cities/hyderabad/2024/Jan/23/hyderabad-part-of-solar-roof-cycle-track-at-janwada-damaged-in-accident
2024-01-24,05:15 PM,"Thoppur Ghat Road, Dharmapuri district",12.0,78.02,4,8,Speeding truck collided with cars and trucks,"Truck, Car",https://indianexpress.com/article/cities/chennai/people-charred-to-death-in-tamil-nadu-accident-9127768/
2024-01-28,Unknown,"Raman Nagar, Salem",11.6643,78.146,2,2,Truck hit two-wheeler from behind,"Truck, Two-wheeler",https://www.republicworld.com/india/crime/couple-crushed-to-death-between-2-trucks-in-tamil-nadu
2024-01-29,00:00 AM,"Alagur, Jamkhandi, Bagalkot, Karnataka",16.4022,75.2975,4,Unknown,School bus collided with tractor,"School Bus, Tractor",https://www.newindianexpress.com/states/karnataka/2024/Jan/29/four-students-die-as-school-bus-crashes-into-tractor-in-bagalkot
2024-02-04,10:46 AM,"Mathur village, Kancheepuram district",12.9238,79.9194,2,10,Lorry rammed into bus and bike after sudden turn,"Trailer lorry, Private bus, Bike",https://www.thehindu.com/news/cities/chennai/couple-on-their-way-to-invite-relatives-for-housewarming-ceremony-killed-in-road-accident-near-chennai/article67811221.ece
2024-02-04,01:00 AM,"Melumalai, Chennai-Krishnagiri Highway",12.65,78.1,1,2,Car rammed truck from behind (fatigue suspected),"Car, Truck",https://timesofindia.indiatimes.com/city/salem/tvks-krishnagiri-west-district-secretary-dies-in-road-accident-tamilaga-valvurimai-katchi/articleshow/107412789.cms
2024-02-04,Unknown,"Kashang Nallah, Kinnaur, Himachal Pradesh",31.5794,78.2575,2,1,Car lost control and fell into Sutlej river,Car (Toyota Crysta),https://indianexpress.com/article/cities/chennai/former-chennai-mayor-saidai-duraisamy-sons-body-retrieved-sutlej-9158823/
2024-02-10,02:00 AM,"Musunur toll plaza, Kavali, Nellore",14.9125,79.9928,7,15,Three-vehicle collision (Truck-Truck-Bus),"Private Bus, Two Trucks",https://www.newindianexpress.com/states/andhra-pradesh/2024/Feb/11/seven-killed-15-hurt-as-two-trucks-private-bus-collide-in-ap
2024-02-23,Friday Night,Senneerkuppam near Poonamallee,13.0531,80.1265,0,1,Multi-vehicle pile-up (Mayor's convoy),"Car, Lorry",https://www.newindianexpress.com/cities/chennai/2024/Feb/24/chennai-mayor-priya-escapes-unhurt-in-road-accident
2024-02-24,Afternoon,"Alamelurangapuram, Chennai-Bengaluru Highway",12.9189,79.1325,1,0,Car collided with container lorry in front,"Car, Container Lorry",https://www.etvbharat.com/en/!state/tamil-nadu-cmcs-retired-doctor-dies-in-car-lorry-collision-near-vellore-enn24022503690
2024-02-24,Morning,"Nanakramguda, Hyderabad",17.4172,78.3473,0,0,SUV rammed newly built cycling track,SUV,https://www.newindianexpress.com/cities/hyderabad/2024/Feb/25/hyderabad-car-crashes-into-solar-roof-cycle-track-on-orr-none-hurt
2024-02-26,09:00 AM,"Seemapuram, Minjur, Vandalur-Minjur ORR",13.275,80.26,1,1,Car rammed rear end of a truck (Ex-MLA incident),"Car, Tipper Lorry",https://www.thehindu.com/news/cities/chennai/former-aiamdk-mla-dies-in-road-accident-near-chennai/article67887628.ece
2024-03-01,Unknown,"Bonthapadu, Vijayawada-Chennai NH",16.5,80.64,3,3,Car rammed tractor,"Car, Tractor",https://www.indiatoday.in/india/story/3-dead-3-injured-after-car-rams-tractor-on-vijayawada-chennai-highway-2508961-2024-03-01
2024-03-02,Evening,"Adayalampattu, Maduravoyal, Chennai",13.0645,80.1655,1,0,Two-wheeler rammed into parked lorry,"Two-wheeler, Lorry",https://www.newindianexpress.com/states/tamil-nadu/2024/Mar/04/medical-student-among-three-killed-in-separate-road-crashes-in-chennai
2024-03-02,Evening,"Chembarambakkam, Chennai",13.0355,80.0614,1,0,Speeding private bus hit pedestrian,"Bus, Pedestrian",https://www.newindianexpress.com/states/tamil-nadu/2024/Mar/04/medical-student-among-three-killed-in-separate-road-crashes-in-chennai
2024-03-02,Unknown,"Aminjikarai, Chennai",13.0734,80.2246,1,0,Lorry rammed two-wheeler,"Lorry, Two-wheeler",https://www.newindianexpress.com/states/tamil-nadu/2024/Mar/04/medical-student-among-three-killed-in-separate-road-crashes-in-chennai
2024-03-04,04:00 AM,"Bariyarpur, Bihar",26.65,84.91,3,2,Car crashed into divider,Car,https://www.thehansindia.com/news/national/three-of-family-die-in-car-crash-in-bihars-motihari-862521
2024-03-21,Unknown,"Rajamangalam, Chennai",13.1165,80.2075,1,0,Chemical experiment blast at home,,https://timesofindia.indiatimes.com/city/chennai/chennai-schoolboy-dies-while-experimenting-with-chemicals-at-home/articleshow/108684472.cms
2024-03-24,10:30 PM,"Gokul Road, Hubballi (Urban Oasis Mall)",15.3522,75.1189,2,0,Bike skidded after hitting fallen cable wire,Motorcycle,https://timesofindia.indiatimes.com/city/hubballi/two-youths-killed-in-road-crash/articleshow/129782966.cms
2024-03-28,Evening,"Sekhmet Pub, Alwarpet, Chennai",13.0333,80.25,3,1,Ceiling/Roof collapse inside pub,,https://timesofindia.indiatimes.com/city/chennai/portion-of-roof-collapses-in-chennais-sekhmet-pub-3-killed/articleshow/108858095.cms
2024-03-31,09:30 PM,"Thankalam, Kothamangalam, Kochi",10.0601,76.6267,2,0,Bike lost control and hit parked mini truck,"Bike, Mini Truck",https://timesofindia.indiatimes.com/city/kochi/two-youths-killed-as-bike-rams-into-parked-mini-truck/articleshow/108957880.cms
2024-04-02,05:00 AM,"Maduravoyal Bypass Road near Kundrathur, Chennai",13.0306,80.148,1,0,Speeding car hit cyclist from behind,"Car, Bicycle",https://www.thehindu.com/news/cities/chennai/cyclist-knocked-down-and-killed-by-a-speeding-car-in-chennai/article68023119.ece
2024-04-02,Morning,"Trichy-Chennai National Highway, Trichy",10.8505,78.7047,2,10,Bus collided with a lorry,"Bus, Lorry",https://timesofindia.indiatimes.com/city/chennai/2-killed-10-injured-after-bus-lorry-collision-on-trichy-chennai-highway/articleshow/108959682.cms
2024-04-04,Evening,"Ooratchi Kottai Hydel, Erode",11.45,77.72,2,0,Lorry dashed into car,"Car, Lorry",https://timesofindia.indiatimes.com/city/erode/doctor-couple-killed-in-road-accident-in-tamil-nadu/articleshow/109063686.cms
2024-04-05,Evening,"Kumarapalayam, Namakkal district",11.45,77.72,4,1,Car rammed tree and fell into roadside pit,Car,https://timesofindia.indiatimes.com/city/chennai/four-die-in-tn-road-accident/articleshow/109071601.cms
2024-04-06,09:00 AM,"Annanur Railway Station, Chennai",13.1189,80.1378,1,0,Crossing railway track hit by train,Train,https://www.newindianexpress.com/cities/chennai/2024/Apr/08/one-more-woman-dies-in-bid-to-cross-rail-track-at-annanur-station-near-avadi
2024-04-15,Early Hours,"Tambaram Sanatorium Signal, Chromepet",12.9516,80.1462,2,0,Head-on collision of two bikes on service road,Two-wheeler,https://timesofindia.indiatimes.com/city/chennai/two-killed-after-bikes-collide-in-chromepet/articleshow/109328264.cms
2024-04-16,Unknown,"Manali, Chennai",13.1667,80.2667,1,0,Motorcycle crushed between heavy vehicles and caught fire,"Motorcycle, Heavy Vehicles",https://www.dtnext.in/news/chennai/motorist-charred-to-death-in-road-accident-as-bike-gets-between-heavy-vehicles-near-manali-779948
2024-04-24,Unknown,"GNT Road, Chennai",13.1,80.2,1,0,Truck ran over sleeping labourer,Truck,https://www.dtnext.in/news/chennai/casual-labourer-sleeping-on-road-dead-after-truck-runs-over-his-head-on-gnt-road-781155
2024-04-30,Early Morning,"GST Road near Vandalur, Chennai",12.8906,80.0811,1,0,Motorist lost control and hit median,Two-wheeler,https://www.thehindu.com/news/cities/chennai/motorist-killed-after-hitting-median-on-chennais-gst-road-near-vandalur/article68123885.ece
2024-04-30,Night,"Sathyamangalam, Erode",11.5,77.24,4,4,Car-to-car collision involving students,Two Cars,https://www.newindianexpress.com/states/tamil-nadu/2024/May/02/tamil-nadu-four-of-a-family-killed-in-car-accident-at-erode
2024-05-01,Unknown,"Kangra, Himachal Pradesh",32.1,76.27,2,0,Taxi hit scooter (Hit-and-run),"Taxi, Scooter",https://news.abplive.com/sports/cricket/suresh-raina-cousin-brother-death-saurabh-kumar-hit-and-run-road-accident-himachal-pradesh-kangra-1684527
2024-05-03,07:30 PM,Kotagiri-Mettupalayam Ghat Road,11.4167,76.8667,1,31,Minibus fell into 150-ft gorge,Minibus,https://timesofindia.indiatimes.com/city/coimbatore/4-year-old-boy-dies-in-minibus-accident-near-kotagiri/articleshow/109829048.cms
2024-05-10,Friday Night,"Ezhuthur, Trichy-Chennai NH",11.48,79.0,3,5,Car lost control and overturned into a pit,Car,https://www.newindianexpress.com/states/tamil-nadu/2024/May/12/two-of-thanjavur-family-among-3-killed-in-road-accident-in-cuddalore
2024-05-12,Unknown,"Gingee, Villupuram",12.25,79.42,1,0,Truck on wrong side hit woman walking to work,Truck,https://www.indiatoday.in/cities/chennai/story/chennai-high-speed-motorbike-collision-kills-24-year-old-rider-not-wearing-helmet-2731161-2025-05-27
2024-05-14,Night,"Vayalur village near Kalpakkam, ECR",12.505,80.155,5,0,Car hit stray cow and rammed into a tree,"Car, Cow",https://www.newindianexpress.com/cities/chennai/2024/May/15/five-killed-as-car-rams-stray-cow-tree-on-ecr-in-chennai
2024-05-15,04:00 AM,"Silavattam near Madurantakam, Chennai–Trichy NH",12.4876,79.8845,4,1,Car rammed container truck (driver dozed off),"Car, Container Truck",https://timesofindia.indiatimes.com/city/chennai/four-die-in-road-accident-near-chennai/articleshow/110144253.cms
2024-05-16,03:30 AM,"Pookathurai near Madurantakam, GST Road",12.5487,79.9482,4,15,Private bus trying to overtake rammed parked truck,"Private bus, Govt bus, Truck",https://timesofindia.indiatimes.com/city/chennai/four-killed-15-injured-in-road-accident-near-chennai/articleshow/110171081.cms
2024-05-17,02:00 PM,"Muradnagar, Ghaziabad",28.7772,77.4811,2,2,Head-on collision between bike and scooter,"Motorcycle, Scooter",https://timesofindia.indiatimes.com/city/ghaziabad/fatal-bike-scooter-collision-in-ghaziabad-leaves-2-dead-and-2-injured/articleshow/110218975.cms
2024-05-17,03:30 AM,Delhi-Meerut Expressway,28.6139,77.209,0,14,Bus hit parked truck from behind,"Bus, Truck",https://timesofindia.indiatimes.com/city/ghaziabad/fatal-bike-scooter-collision-in-ghaziabad-leaves-2-dead-and-2-injured/articleshow/110218975.cms
2024-05-31,Unknown,"GST Road-Thiruneermalai Road Junction, Pallavaram",12.9675,80.1491,1,1,Concrete-mixer truck collided with two-wheeler,"Truck, Two-wheeler",https://www.chennaionline.com/news/fatal-accident-claims-life-of-ambulance-driver-in-pallavaram/
2024-06-01,Unknown,"Velachery Flyover, Chennai",12.9792,80.2185,2,0,Two-wheeler accident,Two-wheeler,https://www.dtnext.in/news/chennai/two-teenagers-dead-in-road-accident-on-velachery-flyover-788070
2024-06-05,Night,"Tiruvottiyur, Chennai",13.16,80.3,1,0,Retired army personnel run over by freight train,Train,https://www.chennaionline.com/news/retired-army-personnel-killed-in-train-accident-in-tiruvottiyur/
2024-06-07,Morning,"Padalam, Chennai-Trichy NH",12.5694,79.9392,2,5,Truck hit car from behind while overtaking,"Truck, Car",https://timesofindia.indiatimes.com/city/chennai/two-members-of-family-die-in-road-accident-near-chennai/articleshow/110789837.cms
2024-06-17,Monday,"Ennore Expressway, Chennai",13.1414,80.3012,1,0,Lost control and rammed into lamp post,Two-wheeler,https://timesofindia.indiatimes.com/city/chennai/youth-19-who-survived-coma-killed-in-accident/articleshow/111095840.cms
2024-06-22,Saturday,"Sholavaram Bypass Road, Chennai",13.2384,80.1582,1,5,Bus swerved to avoid vehicle on wrong side,"Bus, Mini-van",https://timesofindia.indiatimes.com/city/chennai/bus-accident-in-chennai-1-killed-5-injured-after-bus-rams-petrol-bunk/articleshow/111198183.cms
2024-06-23,09:15 AM,Chennai-Bengaluru NH near Vellore Airport,12.9056,79.0664,1,3,Car hit median and collided head-on with lorry,"Car, Lorry",https://www.newindianexpress.com/states/tamil-nadu/2024/Jun/24/chennai-girl-dies-in-car-accident-near-vellore
2024-06-25,03:00 AM,"Kyasampalli, Kamareddy, Telangana",18.3125,78.3347,1,30,Bus hit slowed lorry from behind,"Bus, Lorry",https://timesofindia.indiatimes.com/hyderabad/one-dead-30-injured-as-passenger-bus-hits-lorry-in-telanganas-kamareddy/articleshow/111253225.cms
2024-06-30,Unknown,Tambaram-Maduravoyal Bypass,13.01,80.15,1,5,Twin-car collision,Two Cars,https://www.dtnext.in/news/chennai/doctor-killed-five-others-injured-in-twin-car-collision-on-tambaram-maduravoyal-bypass-792722
2024-07-05,Unknown,"Kamarajar Salai, Chennai",13.05,80.28,1,1,Lorry ran over pillion rider,"Lorry, Two-wheeler",https://timesofindia.indiatimes.com/city/chennai/fatal-road-accident-in-chennai-23-year-old-student-killed/articleshow/111524915.cms
2024-07-06,Night,Pazhaveli near Chengalpet,12.684,79.983,2,2,Car crushed between omnibus and truck,"Car, Bus, Truck",https://timesofindia.indiatimes.com/city/chennai/fatal-truck-accident-in-chennai-mother-and-daughter-killed-in-collision/articleshow/111562546.cms
2024-07-12,11:30 PM,"Thirumangalam, Chennai",13.085,80.195,1,0,Bike hit water-filled pothole,Motorcycle,https://www.thehindu.com/news/cities/chennai/young-woman-in-chennai-killed-after-bike-hits-water-filled-pothole/article68399569.ece
2024-07-16,11:30 PM,"LV Prasad Studios, Saligramam, Chennai",13.05,80.2,1,0,Fall from 20-ft rostrum (Sardar 2 shoot),,https://www.indiatoday.in/movies/regional-cinema/story/sardar-2-stuntman-ezhumalai-dies-after-falling-from-20-feet-on-karthi-ps-mithran-set-2567907-2024-07-17
2024-07-17,Early Hours,"Valambakudi, Thanjavur-Trichy Highway",10.75,78.95,5,1,Truck hit pilgrims (driver fell asleep),"Truck, Pedestrians",https://timesofindia.indiatimes.com/city/chennai/five-pilgrims-die-in-tn-road-accident/articleshow/111805223.cms
2024-07-27,Night,"Puduvadavalli, Sathyamangalam-Mysuru Highway",11.5,77.24,3,4,Car rammed pickup van while overtaking,"Car, Pickup Van",https://timesofindia.indiatimes.com/city/chennai/three-college-students-die-in-road-accident-near-erode/articleshow/112064416.cms
2024-08-05,Unknown,"Tambaram-Mudichur Road, Chennai",12.92,80.11,1,2,Speeding cargo van rammed tractor,"Cargo van, Tractor",https://www.indiatoday.in/cities/chennai/story/speeding-cargo-van-rams-into-tractor-in-chennai-sanitation-worker-killed-2577296-2024-08-05
2024-08-11,Evening,"Tiruttani, Chennai-Tirupati Highway",13.18,79.61,5,2,MUV head-on collision with truck,"MUV, Truck",https://www.thehindu.com/news/cities/chennai/five-college-students-killed-in-a-head-on-collision-with-truck-near-tiruttani/article68513852.ece
2024-08-22,Morning,"Mudakkusalai, Natham, dindigul",10.22,78.23,3,0,Two-wheeler collided with school bus,"Two-wheeler, School Bus",https://timesofindia.indiatimes.com/city/chennai/three-of-family-die-in-road-accident-near-dindigul/articleshow/112715783.cms
2024-09-04,Early Hours,"Semmancheri Kuppam, ECR, Chennai",12.825,80.245,4,0,Car rammed into stationary truck,"Car, Truck",https://www.indiatvnews.com/tamil-nadu/chennai-car-rams-into-truck-near-kovalam-in-chennai-tamil-nadu-several-killed-injured-police-latest-updates-2024-09-04-950293
2024-09-08,Evening,"Alamathi near Red Hills, Chennai",13.203,80.145,3,2,Car rammed into centre median,Car,https://www.newindianexpress.com/cities/chennai/2024/Sep/09/four-year-old-mom-cab-driver-killed-as-car-hits-median-in-chennai
2024-09-11,Wednesday,"Mai Mahiu escarpment, Nakuru, Kenya",-1.0167,36.5167,1,Unknown,LPG tanker lost brakes and hit matatu,"LPG Tanker, Matatu",https://www.tuko.co.ke/kenya/counties/561921-becky-vivian-23-year-lady-dies-mai-mahiu-accident-4-months-securing-job/
2024-09-25,Early Morning,"Mettathur, Ulundurpet, Tamil Nadu",11.69,79.29,6,16,Tourist van hit tree in heavy rain,Tourist Van,https://www.thehansindia.com/news/national/six-killed-in-road-accident-in-tamil-nadus-ulundurpet-909573
2024-09-25,Unknown,"Ulundurpet, Trichy-Chennai Highway",11.69,79.29,6,13,Driver dozed off and hit roadside tree,Van,https://www.indiatvnews.com/tamil-nadu/chennai-tamil-nadu-road-accident-people-killed-in-van-crash-after-driver-allegedly-falls-asleep-near-ulundurpet-police-statement-latest-updates-2024-09-25-953923
2024-10-05,12:30 PM,"Poonjeri Junction, ECR, Chennai",12.61,80.19,2,0,Bus hit bike; friend committed suicide,"Motorcycle, Bus",https://www.newindianexpress.com/states/tamil-nadu/2024/Oct/06/girl-dies-in-bike-crash-male-friend-kills-self-in-chennai
2024-10-06,05:00 PM,"Ayyapatti Bridge, Kottampatti, Madurai",10.2241,78.3615,5,0,SUV rammed into crash barrier on bridge,SUV,https://www.newindianexpress.com/states/tamil-nadu/2026/May/18/five-of-family-die-as-car-rams-crash-barrier-at-madurai-bridge
2024-10-12,22:30 PM,"Biswa Bangla Sarani, New Town, Kolkata",22.58,88.46,1,1,Bike hit police constable (underage driver),"Motorcycle, Bicycle",https://timesofindia.indiatimes.com/city/kolkata/4th-fatal-accident-in-new-town-in-a-month/articleshow/124054348.cms
2024-10-14,Unknown,"Ruma-Bhaunti flyover, Kanpur",26.4499,80.3319,5,0,Car crushed between two speeding trucks,"Car, Two Trucks",https://news.abplive.com/cities/kanpur-uttar-pradesh-five-people-were-killed-in-road-accident-1724203
2024-10-18,Unknown,Ranipet to Chennai,12.93,79.33,1,0,Brain dead victim (heart transport),,https://www.thehindu.com/news/cities/chennai/heart-of-brain-dead-patient-transported-from-ranipet-to-chennai-in-15-hours-for-life-saving-transplant/article68769120.ece
2024-10-21,Unknown,"Ennore Expressway, Chennai",13.15,80.3,1,3,Two-wheeler collision,Two motorcycles,https://www.dtnext.in/news/chennai/chennai-youtuber-dies-in-accident-as-bike-collides-on-ennore-expressway-3-more-injured-808265
2024-10-26,Unknown,"Thiruporur Bypass Road, Chennai",12.72,80.18,3,1,Car crashed into parked truck,Car,https://timesofindia.indiatimes.com/city/chennai/3-killed-as-car-crashes-into-parked-truck-in-tamil-nadu/articleshow/114608626.cms
2024-10-28,Unknown,"AG-DMS Metro Station, Teynampet, Chennai",13.045,80.25,1,1,Lorry knocked down bike during U-turn,"Lorry, Motorcycle",https://timesofindia.indiatimes.com/city/chennai/tragic-road-accidents-on-the-way-to-tvk-conference-three-dead-13-injured/articleshow/114664074.cms
2024-11-01,08:30 PM,"Vijayanagar Bus Stand, Velachery, Chennai",12.9792,80.2185,1,2,Car hit median (rash driving),Car,https://timesofindia.indiatimes.com/city/chennai/tv-serial-actors-son-dies-in-chennai-road-accident/articleshow/114853849.cms
2024-11-04,Early Morning,"Sirunagalur near Maduranthakam, Chennai-Trichy Highway",12.51,79.88,2,0,Speeding car hit motorbike from behind,"Car, Motorcycle",https://www.indiatoday.in/india/tamil-nadu/story/two-female-cops-on-motorbike-killed-accident-hit-speeding-car-chengalpet-chennai-trichy-highway-2628027-2024-11-04
2024-11-12,01:30 AM,"ONGC Chowk, Dehradun",30.3165,78.0322,6,1,Car rammed into the back of a truck,Car,https://timesofindia.indiatimes.com/city/dehradun/six-students-killed-one-injured-as-car-crashes-into-truck-in-dehradun/articleshow/115211961.cms
2024-11-18,Unknown,"Padi, Ambattur, Chennai",13.09,80.18,2,0,Milk van hit two bikes from behind,"Van, Two motorcycles",https://timesofindia.indiatimes.com/city/chennai/tragic-road-accident-two-real-estate-agents-killed-by-van-in-chennai/articleshow/115392540.cms
2024-11-20,02:00 AM,"Maduravoyal-Tambaram Bypass, Chennai",13.045,80.155,1,0,BMW hit-and-run against motorcycle,"BMW Car, Motorcycle",https://www.indiatoday.in/cities/chennai/story/telugu-video-journalist-killed-chennai-madhuravoyal-tambaram-elevated-bypass-bmw-road-accident-2636307-2024-11-20
2024-11-27,03:00 AM,"Agra-Lucknow Expressway, Uttar Pradesh",26.98,79.54,5,1,SUV hit divider and struck by truck,"SUV (Scorpio), Truck",https://news24online.com/cities/lucknow/nightmare-on-expressway-4-doctors-technician-killed-in-horrific-collision-on-agra-lucknow-highway/392425/
2024-11-27,Afternoon,"Paiyanur Junction, Thiruporur",12.6455,80.125,5,0,Speeding car hit women grazing cattle,Car,https://www.newindianexpress.com/cities/chennai/2024/Nov/27/five-women-sitting-on-roadside-rammed-to-death-by-speeding-car-near-chennai
2024-12-15,04:05 AM,"Murinjikkal, Pathanamthitta, Kerala",9.2644,76.7872,4,Unknown,Car collided with minibus (driver dozed off),"Car, Minibus",https://www.orissapost.com/newlyweds-among-four-killed-in-car-minibus-collision-in-kerala/
2024-12-15,Midnight,"Govandi, Mumbai",19.05,72.92,1,0,Biker hit by BEST bus,"Bus, Motorcycle",https://timesofindia.indiatimes.com/city/mumbai/biker-dies-in-collision-with-best-bus-in-mumbai-third-fatal-accident-in-a-week/articleshow/116331202.cms
2024-12-18,Unknown,"Chennai Port Jetty, Chennai",13.09,80.29,1,0,Car plunged into sea while reversing,Car,https://www.ndtv.com/india-news/driver-dies-as-car-plunges-into-sea-while-reversing-at-chennai-port-7278466
2024-12-22,Early Morning,"Pallikaranai, Chennai",12.93,80.21,2,0,Speeding bike hit median (influence of alcohol),Motorcycle,https://www.onmanorama.com/news/kerala/2024/12/22/chennai-bike-accident-malayali-youth-death.html
2024-12-26,Morning,Chennai-Tiruchy Highway near Chengalpattu,12.684,79.983,3,3,Head-on collision between two cars,Two Cars,https://www.newindianexpress.com/cities/chennai/2024/Dec/27/man-two-kids-killed-in-collision-on-chennai-tiruchy-highway
2025-01-01,Unknown,"ECR, Chennai",12.91,80.25,1,1,Motorcycle hit stationary lorry,"Motorcycle, Lorry",https://www.thehindu.com/news/cities/chennai/youth-killed-as-two-wheeler-hits-stationary-lorry-on-ecr/article69049145.ece
2025-01-24,Early Hours,"Trichy-Madurai Highway, Pallapatti",10.45,78.35,3,15,Omnibus rammed parked vehicle,Two Omnibuses,https://www.deccanherald.com/india/tamil-nadu/three-killed-15-injured-as-omnibus-rams-parked-vehicle-near-tamil-nadus-madurai-3873992
2025-01-26,05:30 AM,"Bargur, Krishnagiri, Bengaluru-Chennai Highway",12.545,78.361,4,3,Truck crossed median into oncoming trucks,Three Trucks,https://timesofindia.indiatimes.com/city/chennai/4-people-dead-over-10-cattle-injured-in-three-vehicle-crash-in-tamil-nadus-krishnagiri-district/articleshow/117575228.csv
2025-02-05,Morning,"Perumbakkam, Chennai",12.92,80.2,1,0,Hit by unidentified vehicle,Two-wheeler,https://www.thehindu.com/news/cities/chennai/man-killed-in-road-accident-at-perumbakkam/article69183948.ece
2025-02-22,Night,"Thirumullaivoyal Station, Chennai",13.13,80.13,1,0,Passenger fell from footboard of train,Train,https://timesofindia.indiatimes.com/city/chennai/teen-man-fatally-run-over-by-trains/articleshow/118461535.cms
2025-03-02,11:30 PM,"Kuppahalli, Bangarpet, Kolar",12.98,78.2,4,4,SUV collided head-on with two-wheeler,"SUV, Two-wheeler",https://timesofindia.indiatimes.com/life-style/travel/news/two-wheelers-banned-on-bengaluru-chennai-expressway-after-a-fatal-bike-accident/articleshow/118716700.ece
2025-03-09,07:30 AM,"Ongur Bridge, Olakur, Villupuram",12.33,79.8,1,1,Audi hit scooty and sped away (Hit-and-run),"Car (Audi), Scooter",https://www.thestatesman.com/india/nirmala-sitharamans-kin-arrested-for-causing-fatal-accident-in-tn-1503407110.html
2025-03-23,Night,"Alandur, Chennai",12.9972,80.2008,2,0,Motorcycle hit metro pillar returning from IPL,Motorcycle,https://www.thehindu.com/news/cities/chennai/two-college-students-killed-in-road-accident-in-alandur-while-returning-from-ipl-match/article69368400.ece
2025-03-25,03:30 AM,Taramani railway station area,12.986,80.245,1,0,Police encounter during recovery of loot,,https://timesofindia.indiatimes.com/city/chennai/chennai-encounter-wanted-criminal-involved-in-50-chain-snatching-cases-shot-dead/articleshow/119511796.cms
2025-03-31,Midnight,"Singaperumal Koil, GST Road",12.763,79.983,3,4,Lorry rammed car waiting at signal (sandwiched),"Car, Two Lorries",https://www.newindianexpress.com/cities/chennai/2025/Apr/02/one-year-old-two-others-killed-as-lorry-rams-car-waiting-at-signal-on-nh-at-sp-koil-in-chennai
2025-04-01,Midnight,"Singaperumal Koil, Chennai",12.763,79.983,3,4,Lorry rammed car at signal,"Car, Two Lorries",https://www.ndtv.com/india-news/3-of-family-killed-as-speeding-lorry-rams-car-in-tamil-nadu-8061636
2025-04-03,11:00 PM,"Kayar-Thaiyur Road, Kelambakkam",12.78,80.15,3,1,Head-on bike-car collision,"Motorcycle, Car",https://timesofindia.indiatimes.com/city/chennai/bike-car-collision-in-chennai-family-of-four-riding-on-a-bike-crash-into-car-three-die/articleshow/119917495.cms
2025-04-06,01:00 AM,"Taramani Link Road, Chennai",12.986,80.222,1,0,Dashed into median at high speed,Two-wheeler,https://www.thehindu.com/news/cities/chennai/college-student-killed-after-hitting-median-in-chennais-taramani/article69419351.ece
2025-04-07,Evening,"Kumaran Nagar, Vadapalani, Chennai",13.05,80.21,1,1,14-year-old took father's car and hit pedestrians,"Car, Auto",https://www.thehindu.com/news/cities/chennai/one-person-dies-in-road-accident-caused-by-underage-driver/article69435667.ece
2025-04-10,Monday,"Kumaran Nagar, Vadapalani, Chennai",13.05,80.21,1,1,Underage driver lost control of car,"Car, Auto, Pedestrian",https://www.indiatoday.in/cities/chennai/story/chennai-minor-teen-driving-fathers-car-accident-crash-auto-pedestrian-2706772-2025-04-10
2025-04-29,07:30 PM,"Hotel Rituraj, Burrabazar, Kolkata",22.58,88.35,14,13,Suffocation during major hotel fire,,https://www.telegraphindia.com/west-bengal/kolkata/kolkata-hotel-fire-three-of-chennai-family-among-14-dead-minister-blames-management/cid/2096803
2025-04-30,07:30 PM,"Hotel Rituraj, Burrabazar, Kolkata",22.58,88.35,14,13,Major fire caused by short circuit/suffocation,,https://timesofindia.indiatimes.com/city/chennai/three-including-two-children-from-karur-among-14-killed-in-kolkata-hotel-fire/articleshow/120758898.cms
2025-05-03,Early Hours,"Chinna Bargur, Chennai-Krishnagiri NH",12.55,78.36,2,4,Car hit electricity pole in center median,Car,https://www.newindianexpress.com/states/tamil-nadu/2025/May/04/two-killed-four-injured-as-car-hits-pole-on-chennai-krishnagiri-national-highway
2025-05-04,04:00 AM,"Koradacheri, Tiruvarur district",10.77,79.52,4,3,Omni van collided head-on with TNSTC bus,"Omni Van, Bus",https://www.thehansindia.com/news/national/four-killed-in-head-on-collision-with-bus-in-tns-tiruvarur-968118
2025-05-11,Noon,"Savithri Nagar, Valasaravakkam, Chennai",13.041,80.175,2,1,Bungalow fire; bedridden couple killed,,https://timesofindia.indiatimes.com/city/chennai/elderly-couple-killed-in-valasaravakkam-fire/articleshow/121086796.cms
2025-05-12,Night,"Malayambakkam near Poonamallee, Vandalur-Minjur ORR",13.018,80.075,1,2,Bike crashed into median,Two-wheeler,https://timesofindia.indiatimes.com/city/chennai/three-on-bike-13-year-old-dies-after-ramming-median/articleshow/121146753.cms
2025-05-14,Night,"Malayambakkam, Vandalur-Minjur ORR",13.018,80.075,1,2,Underage rider hit median,Motorcycle,https://timesofindia.indiatimes.com/city/chennai/three-on-bike-13-year-old-dies-after-ramming-median/articleshow/121146753.cms
2025-05-14,Unknown,"Vandalur, Maraimalai Nagar",12.78,80.02,1,3,Underage driver lost control; car overturned,Car,https://timesofindia.indiatimes.com/city/chennai/boy-killed-as-car-driven-by-minor-overturns-near-maraimalai-nagar-in-chennai/articleshow/121169931.cms
2025-05-17,Morning,"Padi Flyover, Chennai",13.1,80.1833,2,1,Tipper lorry hit bike; riders crushed,"Truck, Motorcycle",https://www.thehindu.com/news/cities/chennai/woman-and-her-daughter-die-in-road-accident-as-heavy-vehicle-runs-over-them-near-padi-bridge/article69587735.ece
2025-05-18,Noon,"Kolathanallur, Madurantakam",12.51,79.88,1,0,Bike hit peacock and crashed into tree,Motorcycle,https://timesofindia.indiatimes.com/city/chennai/three-killed-3-injured-as-2-bikes-collide-on-palar-bridge/articleshow/121893086.ece
2025-05-21,11:00 AM,"Taramani MRTS Station, Chennai",12.986,80.245,1,0,Constable self-immolation after accident,,https://www.ndtv.com/india-news/chennai-cop-dies-by-suicide-ahead-of-drunk-driving-inquiry-8474227
2025-05-24,Evening,"Pulianthope, Chennai",13.1,80.26,1,2,Load van hit bike; infant fell from mother's arms,"Van, Two-wheeler",https://timesofindia.indiatimes.com/city/chennai/infant-dies-after-falling-from-mothers-arms-in-chennai-as-van-hits-their-two-wheeler/articleshow/121401899.cms
2025-05-25,Sunday Night,"Narasimha Road, Teynampet, Chennai",13.045,80.25,1,1,Head-on motorcycle collision,Two motorcycles,https://www.indiatoday.in/cities/chennai/story/chennai-high-speed-motorbike-collision-kills-24-year-old-rider-not-wearing-helmet-2731161-2025-05-27
2025-05-27,Night,"Narasimha Road, Teynampet, Chennai",13.045,80.25,1,1,High-speed head-on motorcycle collision,Two motorcycles,https://www.indiatoday.in/cities/chennai/story/chennai-high-speed-motorbike-collision-kills-24-year-old-rider-not-wearing-helmet-2731161-2025-05-27
2025-05-29,Early Morning,"Besant Nagar, Chennai",13.001,80.268,1,1,Bike rammed tree; minor injuries to pillion,Two-wheeler,https://www.thehindu.com/news/cities/chennai/college-student-dies-in-road-accident-in-besant-nagar/article69634269.ece
2025-06-07,Unknown,Arasur village near Vandavasi,12.5,79.55,1,5,SUV hit two-wheeler (loss of control),"SUV, Two-wheeler",https://www.thehindu.com/news/national/tamil-nadu/woman-killed-five-injured-in-road-accident-in-tiruvannamalai/article69668740.ece
2025-06-08,Unknown,"Service Lane, Ambur, Tirupattur",12.78,78.7,1,0,Earth mover hit two-wheeler,"Earth mover, Two-wheeler",https://www.thehindu.com/news/national/tamil-nadu/4-year-old-boy-killed-in-road-accident-near-ambur/article69671343.ece
2025-06-09,Unknown,"Hedaginabele Toll, Malur, Kolar",13.011,77.925,2,0,Car crashed into divider,Car,https://www.thehindu.com/news/cities/bangalore/kolar-police-ban-two-wheelers-three-wheelers-tractors-on-bengaluruchennai-expressway-stretches-after-surge-in-accidents/article69688066.ece
2025-06-11,05:00 AM,"Ramapuram, Chennai",13.0333,80.1833,1,0,Compound wall of crematorium collapsed on worker,,https://www.newindianexpress.com/cities/chennai/2025/Jun/12/man-dies-as-compound-wall-collapsed-during-drain-work-in-chennai
2025-06-12,10:30 PM,"Manapakkam, Mount Poonamallee Road, Chennai",13.021,80.1755,1,0,Two Metro girders collapsed due to frame slip,Metro Structure/Two-wheeler,https://www.newindianexpress.com/states/tamil-nadu/2025/Jun/13/biker-killed-as-cmrl-girders-crash-at-manapakkam-in-chennai
2025-06-12,05:00 AM,"Ramapuram, Chennai",13.03,80.18,1,0,Compound wall collapsed during drain work,,https://www.newindianexpress.com/cities/chennai/2025/Jun/12/man-dies-as-compound-wall-collapses-during-drain-work-in-chennai
2025-06-14,Unknown,"Flyover near Essar Company, Vizag",17.6868,83.2185,2,0,Rider lost control and run over by truck,"Motorcycle, Truck",https://timesofindia.indiatimes.com/city/vijayawada/two-naval-doctors-killed-in-road-accident-in-vizag/articleshow/121852922.cms
2025-06-18,Morning,"Paper Mills Road, Perambur, Chennai",13.11,80.24,1,0,Girl fell from bike and run over by tanker,"Motorcycle, Water Tanker",https://www.thehindu.com/news/cities/chennai/10-year-old-pillion-rider-dies-after-being-run-over-by-lorry-in-chennai/article69707866.ece
2025-06-23,Night,Maduravoyal-Tambaram Bypass near Anakaputhur,12.985,80.142,2,2,Drunk taxi driver driving on wrong side rammed car,Two Cars,https://www.thehindu.com/news/cities/chennai/chennai-drunk-taxi-driver-rams-car-killing-pregnant-woman-and-her-father/article69731204.ece
2025-06-24,Morning,"Manali industrial area, Chennai",13.168,80.26,1,0,Iron gate of company collapsed on watchman,,https://www.indiatoday.in/cities/chennai/story/watchman-dies-chennai-iron-gate-falls-on-him-cctv-captures-accident-2745476-2025-06-24
2025-06-27,03:30 PM,"Pavanje, NH 66, Mangalore",13.0167,74.8333,1,1,Car hit scooter while riders put on raincoats,"Car, Scooter",https://www.mangalorean.com/mangalore-tragedy-strikes-family-as-27-year-old-woman-dies-in-accident-after-brother-s-death/
2025-07-02,08:30 PM,"Peer Pailwan Sha Khadari Street, Thiruvottiyur",13.165,80.301,1,0,Electrocution in waterlogged street after rain,,https://www.thenewsminute.com/tamil-nadu/chennai-teen-dies-by-electrocution-tneb-did-not-respond-to-sos-calls-residents-allege
2025-07-08,07:30 AM,"Semmamkuppam Level Crossing, Cuddalore",11.725,79.749,3,2,Train hit school van (alleged gate error),"Train, School Van",https://timesofindia.indiatimes.com/city/chennai/3-students-killed-as-train-hits-school-van-near-cuddalore/articleshow/122327675.ece
2025-07-08,10:00 AM,"Kurungalur, Thanjavur-Vikravandi Highway",10.82,79.05,4,3,Car and mini-goods carrier collided,"Car, Mini-truck",https://www.thehindu.com/news/cities/Tiruchirapalli/three-year-old-girl-among-four-killed-in-accident-at-thanjavur-highway/article69787109.ece
2025-07-13,06:00 AM,"Arumbakkam, Chennai",13.07,80.21,2,0,MTC driver heart attack; bus hit pedestrian,"Bus, Pedestrian",https://www.news18.com/india/chennai-mtc-bus-driver-suffers-heart-attack-hits-man-parked-vehicles-driver-pedestrian-killed-ws-e-9438369.html
2025-07-14,03:30 PM,"Vakkaleri Toll, Malur, Kolar",13.001,77.932,2,2,Head-on collision; Audi in wrong direction,"Car (Audi), Car (VW)",https://www.ibtimes.co.in/two-killed-head-collision-cars-bengaluru-chennai-highway-near-kolar-885324
2025-07-28,11:30 PM,"School Road, Thirumangalam, Chennai",13.0833,80.2,1,1,Deliberate car ramming (Murder case),"Car, Two-wheeler",https://www.thenewsminute.com/tamil-nadu/chennai-teen-death-was-not-accident-four-including-dmk-councillors-grandson-arrested
2025-08-13,Morning,"Thachur-Chittoor Highway, Pallipattu",13.33,79.93,3,3,SUV hit concrete wall at construction site,SUV,https://www.newindianexpress.com/states/tamil-nadu/2025/Aug/14/no-barricades-three-of-family-die-in-car-crash-in-tamil-nadus-tiruvallur
2025-08-14,05:45 PM,"ELCOT IT Park, Sholinganallur, Chennai",12.91,80.225,1,1,Rope holding slider beam snapped during load test,Metro Structure,https://www.newindianexpress.com/cities/chennai/2025/Aug/15/worker-dies-another-injured-during-metro-structure-load-test-in-chennai
2025-08-15,Evening,"Vandalur–Minjur ORR, Poonamallee",13.04,80.1,1,1,Bike skidded to avoid stray cow,Motorcycle,https://www.newindianexpress.com/cities/chennai/2025/Aug/15/man-dies-after-cow-darts-in-front-of-bike-in-chennai
2025-08-18,08:50 AM,"Raattinam Kinaru, Chengalpet",12.69,79.98,1,20,Govt bus brake failure; ploughed into pedestrians,"Bus, Pedestrians",https://timesofindia.indiatimes.com/city/chennai/doc-killed-in-accident-two-days-after-he-pledged-his-organs/articleshow/123372610.cms
2025-08-21,Unknown,"Vattakattu Puthur, Tirupur",11.1085,77.3411,1,0,Road accident (Brain dead 17-year-old donor),Two-wheeler,https://timesofindia.indiatimes.com/city/coimbatore/brain-dead-tirupur-boys-heart-kidney-airlifted-to-chennai-for-transplant/articleshow/123508128.cms
2025-08-26,10:30 PM,"Medavakkam-Pallikaranai Road, Chennai",12.9305,80.2011,1,1,Lorry hit bike taxi from behind while overtaking,"Lorry, Motorcycle",https://www.newindianexpress.com/cities/chennai/2025/Aug/28/pillion-passenger-killed-after-lorry-rams-bike-taxi-in-chennai
2025-08-26,Unknown,"Adyar, Chennai",13.0067,80.25,1,0,Road accident on birthday eve,Two-wheeler,https://www.dtnext.in/news/chennai/youth-dies-in-road-accident-on-birthday-eve-in-adyar-844615
2025-08-30,12:00 PM,"Natrampalli, NH-48",12.61,78.53,1,1,Car rammed container lorry ahead,Car/Lorry,https://www.newindianexpress.com/states/tamil-nadu/2025/Aug/30/three-killed-in-separate-road-accidents-in-natrampalli
2025-08-30,02:00 PM,"GP Nagar, Pananthoppu, Tirupattur",12.6,78.55,2,0,Bike hit pedestrian grazing a cow,Motorcycle,https://www.newindianexpress.com/states/tamil-nadu/2025/Aug/30/three-killed-in-separate-road-accidents-in-natrampalli
2025-09-01,01:30 AM,"Siruganur, Tiruchi-Chennai NH",11.015,78.805,3,2,Car rammed into stationary govt bus,"Car, Bus",https://www.thehindu.com/news/national/tamil-nadu/three-killed-as-car-rams-stationary-bus-on-tiruchi-chennai-national-highway-at-siruganur/article69998900.ece
2025-09-02,Midnight,"Veerapandi Nagar Road, Choolaimedu",13.06,80.22,1,0,Accidental fall into open silt catch pit,,https://timesofindia.indiatimes.com/city/chennai/woman-41-found-dead-in-pit-police-say-accidental-fall/articleshow/123663349.cms
2025-09-04,Night,"Melvallampettai near Maduranthakam, GST Road",12.505,79.882,1,2,SUV crashed into stationary sand truck,"SUV, Truck",https://www.thehindu.com/news/cities/chennai/one-killed-two-others-seriously-injured-after-car-crashes-into-stationary-truck-on-gst-road-in-chennai/article70015702.ece
2025-09-07,Evening,"Padappai Flyover, Chennai",12.87,80.02,2,0,Bike hit stray cow and run over by car,"Motorcycle, Car",https://www.thehindu.com/news/cities/chennai/two-persons-killed-in-road-accident-near-padappai/article70025774.ece
2025-09-16,Unknown,"Vanagaram, Chennai",13.05,80.15,2,2,Panicked driver hit multiple motorcycles while fleeing,"Car, Motorcycles",https://www.newindianexpress.com/cities/chennai/2025/Sep/17/car-hits-two-motorcycles-in-vanagaram-two-killed-one-critical
2025-09-20,Night,"Retteri Junction, Chennai",13.1417,80.2111,1,0,Container truck hit traffic constable's bike,"Truck, Motorcycle",https://www.thehindu.com/news/cities/chennai/traffic-constable-killed-after-being-hit-by-a-container-truck-near-retteri-junction/article70076495.ece
2025-09-21,Night,"200-ft Radial Road, Retteri Junction",13.1417,80.2111,1,0,Container truck hit traffic constable's bike,Truck/Motorcycle,https://www.thehindu.com/news/cities/chennai/traffic-constable-killed-after-being-hit-by-a-container-truck-near-retteri-junction/article70076495.ece
2025-09-21,10:30 PM,"Biswa Bangla Sarani, New Town, Kolkata",22.58,88.46,1,1,16-year-old biker hit police constable,Motorcycle,https://timesofindia.indiatimes.com/city/kolkata/4th-fatal-accident-in-new-town-in-a-month/articleshow/124054348.cms
2025-09-30,05:45 PM,"Voyalur, Ennore Thermal Power Station",13.245,80.329,9,1,Roof space frame collapsed from 45m height,,https://www.newindianexpress.com/states/tamil-nadu/2025/Sep/30/nine-killed-as-under-construction-structure-collapses-at-ennore-power-project-site
2025-10-06,Evening,"Kalkere village, Bangarpet-Chennai ORR",12.96,78.27,2,15,Tempo hit tempo; crashed into parked ambulance,"Two Tempos, Ambulance",https://www.newindianexpress.com/states/karnataka/2025/Oct/07/three-killed-in-multi-vehicle-collision-in-kgf
2025-10-09,Unknown,"Thiruporur road, Chennai",12.725,80.235,1,0,Motorcycle hit by two fighting cows,Motorcycle,https://timesofindia.indiatimes.com/city/chennai/techie-dies-after-his-bike-crashes-into-cows-fighting-on-thiruporur-road/articleshow/124558626.cms
2025-10-11,Evening,"Anichankuppam village, Marakanam, ECR",12.19,79.94,2,0,Bike collided with mini bus,"Motorcycle, Mini Bus",https://www.newindianexpress.com/states/tamil-nadu/2025/Oct/13/two-techies-killed-in-accident-in-villupuram
2025-10-15,Unknown,"Thiruporur road, Chennai",12.72,80.23,1,0,Motorcycle hit by two fighting cows,Motorcycle,https://timesofindia.indiatimes.com/city/chennai/techie-dies-after-his-bike-crashes-into-cows-fighting-on-thiruporur-road/articleshow/124558626.cms
2025-10-20,08:30 PM,"Arumbakkam, 100 Feet Road",13.07,80.21,1,3,Private bus hit bike returning from shopping,"Bus, Motorcycle",https://www.newindianexpress.com/states/tamil-nadu/2025/Oct/20/woman-riding-pillion-dies-after-bus-rams-into-bike-at-arumbakkam-driver-held
2025-10-21,Night,"Avadi-Melepakkam Road, Chennai",13.11,80.11,1,0,Swerved to avoid dog; fell off bike,Motorcycle,https://timesofindia.indiatimes.com/city/chennai/teen-boy-swerves-bike-to-avoid-dog-on-road-dies/articleshow/124745502.cms
2025-10-22,Night,"Avadi-Melepakkam road, Chennai",13.11,80.11,1,0,Lost control avoiding dog; head injury,Motorcycle,https://timesofindia.indiatimes.com/city/chennai/teen-boy-swerves-bike-to-avoid-dog-on-road-dies/articleshow/124745502.cms
2025-10-30,04:00 AM,"Adambakkam, Chennai",12.986,80.205,1,3,Electrical short circuit in living room caused fire,,https://www.dtnext.in/news/chennai/woman-killed-in-house-fire-at-chennais-adambakkam-851311
2025-10-31,08:30 PM,"Velachery, Chennai",12.9792,80.2185,1,2,Car lost control and rammed median,Car,https://www.thehindu.com/news/cities/chennai/youth-dies-in-road-accident-in-velachery/article68820477.ece
2025-11-05,10:45 PM,"Peters Road Flyover, Royapettah",13.053,80.264,2,1,High-speed head-on bike collision,Two motorcycles,https://www.thehindu.com/news/cities/chennai/speeding-not-bike-racing-caused-fatal-peters-road-flyover-accident-chennai-traffic-police/article70251770.ece
2025-11-07,02:30 PM,"Kailasam Street, Tondiarpet, Chennai",13.1264,80.2831,1,1,GCC garbage truck brushed two-wheeler,"Garbage Truck, Two-wheeler",https://www.newindianexpress.com/cities/chennai/2025/Nov/08/8-year-old-girl-riding-pillion-on-bike-dies-as-garbage-truck-runs-over-her-in-chennai
2025-11-16,Evening,"Reddipalayam, Avadi, Chennai",13.116,80.101,1,0,Husband reversed car into wife by mistake,Car,https://www.thehindu.com/news/cities/chennai/woman-killed-after-husband-crashes-into-her-while-reversing-car-in-avadi/article70289734.ece
2025-11-17,Unknown,"Reddipalayam, Avadi",13.116,80.101,1,0,Car reversed into wife while parking,Car,https://www.newindianexpress.com/cities/chennai/2025/Nov/17/chennai-man-reverses-car-runs-over-wife-accidentally
2025-11-20,Night,"East Coast Road, Kottivakkam",12.96,80.25,1,1,Head-on collision; teen on wrong side,Two motorcycles,https://timesofindia.indiatimes.com/city/chennai/rider-crashes-into-teen-driving-on-wrong-side-dies-father-held/articleshow/125493915.cms
2025-11-20,08:00 AM,"Beach Road, Tuticorin",8.81,78.14,3,2,Car skidded off wet road and rammed tree,Car,https://timesofindia.indiatimes.com/city/chennai/3-medicos-killed-in-car-accident/articleshow/125446388.cms
2025-11-20,Early Hours,"Chengilikuppam near Ambur, NH-48",12.78,78.7,2,0,Omni-bus hit trailer lorry from behind,"Bus, Lorry",https://www.thehindu.com/news/national/tamil-nadu/two-persons-killed-in-road-accident-near-ambur/article70298710.ece
2025-11-22,Night,"Josier Street, Nungambakkam, Chennai",13.061,80.242,1,0,Reverse parking error; accelerated into wall,Car,https://www.thehindu.com/news/cities/chennai/security-guard-killed-during-reverse-car-parking-bid-in-chennai/article70313757.ece
2025-11-22,01:15 PM,"Ayanavaram Road, Chennai",13.09,80.23,1,0,Termite-ridden palm tree fell on auto,Auto-rickshaw,https://timesofindia.indiatimes.com/city/chennai/auto-driver-crushed-to-death-in-tree-fall/articleshow/125509752.cms
2025-11-28,06:00 AM,"Otteri Thideer Nagar, Chennai",13.095,80.245,1,0,Hospital van ran over nurse's two-wheeler,"Van, Two-wheeler",https://www.thehindu.com/news/cities/chennai/three-killed-in-separate-road-accidents-in-city/article70338466.ece
2025-11-29,03:00 PM,"Minnur village near Ambur, NH-48",12.795,78.712,2,1,Car hit two-wheeler crossing the stretch,"Car, Two-wheeler",https://www.thehindu.com/news/national/tamil-nadu/two-youths-killed-in-road-accident-on-chennai-bengaluru-highway/article70338790.ece
2025-12-01,Early Hours,"Kalpakkam ECR, Chennai",12.5,80.16,0,8,AC bus overturned due to Cyclone Ditwah rain,Bus,https://timesofindia.indiatimes.com/city/chennai/two-women-dead-15-injured-in-two-accidents-on-ecr/articleshow/125702847.cms
2025-12-01,Unknown,"Vinnamangalam, Ambur, NH 48",12.78,78.7,2,0,Car lost control and hit parked lorry,"Car, Lorry",https://www.thehindu.com/news/national/tamil-nadu/two-persons-killed-in-road-accident-near-ambur-on-chennai-bengaluru-highway/article70349537.ece
2025-12-01,Morning,Manamai village near Mamallapuram,12.59,80.17,0,8,AC bus overturned due to rain and control loss,Bus,https://timesofindia.indiatimes.com/city/chennai/two-women-dead-15-injured-in-two-accidents-on-ecr/articleshow/125702847.cms
2025-12-07,08:30 PM,"Mailam, Thenpasiyar village",12.115,79.62,3,6,Road accident involving family car,Car,https://www.newindianexpress.com/states/tamil-nadu/2025/Dec/08/three-of-family-killed-in-accident-near-mailam
2025-12-11,03:00 AM,"Thiruporur-Kalavakkam Bypass, Chennai",12.7214,80.1865,1,4,BMW hit illegally parked firewood truck,"Car (BMW), Truck",https://timesofindia.indiatimes.com/city/chennai/woman-medico-dead-4-friends-injured-as-car-rams-parked-truck/articleshow/125920165.cms
2025-12-11,Unknown,Namakkal district,11.2189,78.1672,1,0,Private bank employee in road accident,,https://www.thehindu.com/news/cities/Coimbatore/two-killed-in-accidents-in-salem-and-namakkal/article70384271.ece
2025-12-12,Morning,"Kattivedu, Puzhal, Chennai",13.155,80.198,1,0,Reversing water tanker crushed woman,Water Tanker,https://www.newindianexpress.com/cities/chennai/2025/Dec/13/four-killed-in-accidents-on-city-outskirts
2025-12-12,Unknown,"Avadi-Senneerkupam Road, Chennai",13.06,80.125,1,1,Lorry hit two-wheeler; crushed under wheel,"Lorry, Two-wheeler",https://www.newindianexpress.com/cities/chennai/2025/Dec/13/four-killed-in-accidents-on-city-outskirts
2025-12-13,Morning,"Puzhal, Chennai",13.15,80.2,1,0,Reversing water tanker crushed woman,Water Tanker,https://www.newindianexpress.com/cities/chennai/2025/Dec/13/four-killed-in-accidents-on-city-outskirts
2025-12-20,Unknown,"Memco BRTS, Ahmedabad",23.052,72.618,1,0,AMC truck hit two-wheeler,"Truck, Two-wheeler",https://timesofindia.indiatimes.com/city/ahmedabad/two-fatal-truck-related-accidents-near-memco-in-2-days/articleshow/126126824.cms
2025-12-21,Midnight,"Memco-Kalupur Road, Ahmedabad",23.051,72.615,1,2,Truck hit scooter from behind near Arvind Mill,"Truck, Scooter",https://timesofindia.indiatimes.com/city/ahmedabad/two-fatal-truck-related-accidents-near-memco-in-2-days/articleshow/126126824.cms
2025-12-24,Early Morning,"Vellaigate, Chennai-Bengaluru Highway",12.835,79.702,1,1,Car crushed between tanker and bus,"Car, Tanker, Bus",https://timesofindia.indiatimes.com/city/chennai/road-mishap-woman-killed-husband-jumps-off-car-lives/articleshow/126178173.cms
2026-01-01,Unknown,"Keezhakunnapatti diversion, Thuraiyur",11.145,78.598,2,0,Govt bus and car collision (AIADMK functionary),"Bus, Car",https://www.thehindu.com/news/national/tamil-nadu/two-including-aiadmk-functionary-killed-in-government-bus-car-collision-near-thuraiyur/article70459979.ece
2026-01-08,Midnight,"Kundrathur, Chennai Suburbs",12.99,80.12,1,0,State bus hit student motorcycle,"Bus, Motorcycle",https://timesofindia.indiatimes.com/city/chennai/six-die-in-suburban-road-accidents/articleshow/126400015.cms
2026-01-16,10:00 PM,Tiruvallur town,13.14,79.9,2,1,Road rage; bikers attacked with sharp weapons,,https://timesofindia.indiatimes.com/city/chennai/tamil-nadu-road-rage-horror-2-men-hacked-to-death-in-tiruvallur-after-rebuking-bikers-for-rash-riding-1-critical/articleshow/126635922.cms
2026-01-17,Night,"Pethanaickenpalayam, Vazhapadi, Salem-Chennai NH",11.66,78.47,2,4,Car crossed median and rammed oncoming car,Two Cars,https://www.newindianexpress.com/states/tamil-nadu/2026/Jan/19/woman-four-year-old-son-killed-in-road-accident-on-nh-near-tns-vazhapadi
2026-01-18,Unknown,"Mannivakkam Flyover, Chennai",12.87,80.05,1,7,Share auto crashed into flyover railing,Share Auto,https://www.newindianexpress.com/cities/chennai/2026/Jan/18/one-killed-seven-injured-as-share-auto-hits-flyover-railing-in-chennai
2026-01-20,09:00 PM,"Wimco Nagar, Chennai",13.17,80.3,1,0,Struck by train while crossing tracks,Train,https://www.thehindu.com/news/cities/chennai/teen-hit-by-suburban-train-in-chennai-dies/article69677765.ece
2026-01-21,Unknown,"Manalurpettai, Kallakurichi",11.88,79.08,1,18,Helium gas cylinder exploded at river festival,,https://timesofindia.indiatimes.com/city/chennai/tamil-nadu-explosion-1-dead-18-injured-after-helium-gas-cylinder-blast-in-kallakurichi/articleshow/126741814.cms
2026-01-25,Early Hours,"Pallapatti, Trichy-Madurai Highway",10.45,78.35,3,15,Omnibus hit rear of parked omnibus,Two Omnibuses,https://www.deccanherald.com/india/tamil-nadu/three-killed-15-injured-as-omnibus-rams-parked-vehicle-near-tamil-nadus-madurai-3873992
2026-01-28,02:00 AM,"Medipally, Hyderabad",17.43,78.6,2,6,SUV rammed into pylon of under-construction way,SUV,https://timesofindia.indiatimes.com/city/hyderabad/2-hyderabad-students-killed-6-injured-as-suv-crash-into-elevated-way-pylon/articleshow/127679821.cms
2026-02-01,04:00 AM,"Ezhuthur, Trichy-Chennai Highway",11.485,79.035,3,3,Car crossed median and hit private bus,"Car, Private Bus",https://www.aninews.in/news/national/general-news/tamil-nadu-three-college-students-killed-as-car-collides-with-tourist-bus-near-tittakudi20260201160900/
2026-02-01,Unknown,"Gummidipoondi SIPCOT, Tiruvallur",13.41,80.12,1,0,Left hand caught in conveyor belt of plywood machine,,https://www.newindianexpress.com/cities/chennai/2026/Feb/03/odisha-worker-killed-after-getting-caught-in-machine-at-plywood-making-factory-in-gummidipoondi
2026-02-13,05:15 AM,"Hoskote-Dabaspet NH, Bengaluru Rural",13.125,77.8,7,0,SUV hit bike then car; canter overturned,"SUV, Truck, Bike",https://www.news18.com/cities/bengaluru-news/seven-killed-in-multi-vehicle-crash-near-hoskote-in-bengaluru-rural-district-ws-l-9900945.html
2026-02-22,09:00 PM,Singaperumal Koil and Paranur tracks,12.72,79.99,1,0,Suicide after family argument over phone,Train,https://timesofindia.indiatimes.com/city/chennai/chennai-woman-dies-by-suicide-over-family-dispute/articleshow/128686453.cms
2026-02-23,Unknown,"Annai Arvind Nagar, Hosur",12.74,77.82,1,3,Car deliberately driven into family over parking dispute,Car,https://timesofindia.indiatimes.com/city/chennai/man-killed-after-youth-rams-car-into-family-over-parking-dispute-in-tamil-nadu-3-including-6-month-old-baby-injured/articleshow/128699633.cms
2026-02-23,Unknown,"Golden Beach, Chennai",12.92,80.25,1,1,Interns swept away by high wave while taking selfie,,https://indianexpress.com/article/cities/mumbai/beach-outing-turns-tragic-in-chennai-maharashtra-intern-with-cognizant-dies-another-missing-10546495/
2026-03-02,02:30 AM,"So Kattukulam, Tiruvannamalai Highway",12.22,79.07,4,0,Car collided head-on with TNSTC bus,"Car (SUV), Bus",https://www.dtnext.in/news/tamilnadu/4-dead-in-head-on-collision-between-car-and-govt-bus-in-tiruvannamalai-829891
2026-03-03,08:30 AM,Alampoondi near Gingee,12.258,79.412,4,0,Car tyre burst and fell into 50-ft well,Car,https://timesofindia.indiatimes.com/city/chennai/lawyer-kabbadi-player-among-four-dead-as-car-plunges-into-well-near-gingee-in-tn/articleshow/128981974.cms
2026-03-10,Morning,"Nookampalayam Main Road, Perumbakkam",12.905,80.201,2,0,Bike hit speed breaker and run over by truck,"Two-wheeler, Truck",https://www.thehindu.com/news/cities/chennai/mother-daughter-killed-in-accident-near-perumbakkam/article70725369.ece
2026-03-14,Midnight,Palar bridge near Acharapakkam,12.42,79.93,3,3,Head-on collision of two bikes,Two motorcycles,https://timesofindia.indiatimes.com/city/chennai/three-killed-3-injured-as-2-bikes-collide-on-palar-bridge/articleshow/121893086.cms
2026-03-14,09:15 PM,"Palpannai RoB, Trichy",10.82,78.71,1,1,Bike rammed another bike; run over by vehicle,Two motorcycles,https://timesofindia.indiatimes.com/city/trichy/two-killed-in-separate-accidents-on-trichy-chennai-highway/articleshow/128391762.cms
2026-03-15,Night,"Vadapalani-Nerkundram Road, Chennai",13.05,80.21,1,0,Unidentified car hit auto-rickshaw and fled,"Car, Auto-rickshaw",https://www.thehindu.com/news/cities/chennai/auto-driver-killed-in-accident-near-vadapalani/article70745853.ece
2026-03-17,Early Hours,"Vallam, Gingee-Tindivanam Road",12.25,79.48,3,0,TNSTC bus collided with bike,"Bus, Motorcycle",https://www.newindianexpress.com/states/tamil-nadu/2025/Mar/17/three-of-family-heading-for-a-funeral-killed-in-bike-bus-crash-in-villupuram
2026-03-17,05:00 AM,"Pettai Kulam area, Tirunelveli",8.342,77.885,4,0,Family found charred inside locked car (Suicide),"Car, Fire",https://www.news18.com/cities/chennai-news/debt-ridden-chennai-family-found-burnt-to-death-in-locked-car-childrens-position-shocks-locals-ws-l-9985460.html
2026-03-19,Evening,"Mahalakshmi Layout, Hubballi",15.35,75.13,1,0,Speeding car hit teen filming Instagram reel,Car,https://www.newindianexpress.com/states/karnataka/2026/Mar/20/15-year-old-dies-while-filming-instagram-reel-stunts-in-karnatakas-hubballi
2026-03-24,07:00 PM,"Thamaraipakkam, Vengal",13.16,79.91,2,0,Bike hit median and run over by truck,"Motorcycle, Truck",https://timesofindia.indiatimes.com/city/chennai/two-minors-die-in-bike-crash/articleshow/119315545.cms
2026-03-26,Unknown,"Chilakapalem, Srikakulam district, NH-16",18.252,83.851,2,0,Speeding bike hit parked truck (CCTV captured),"Motorcycle, Truck",https://www.lokmattimes.com/national/srikakulam-accident-video-mother-son-dies-as-speeding-bike-crashes-into-parked-truck-on-kolkata-chennai-highway-a517/
2026-03-27,Morning,"Thasur, Kavaripettai, Chennai-Kolkata Highway",13.415,80.125,1,9,Car carrying students overturned,Car,https://afternoonnews.in/article/chennai-college-student-killed-as-car-overturns/
2026-03-30,08:30 AM,"Velachery Main Road, Pallikaranai, Chennai",12.93,80.21,1,1,Water tanker hit bike after sudden braking,"Water Tanker, Motorcycle",https://www.newindianexpress.com/cities/chennai/2026/Mar/30/10-year-old-boy-riding-pillion-crushed-to-death-by-truck-in-chennai-dad-injured
2026-04-05,Unknown,"Virattikuppam Road, Villupuram",11.94,79.48,1,3,Car swerved to avoid lorry and overturned,Car,https://medicaldialogues.in/state-news/tamil-nadu/mbbs-intern-dies-after-car-overturns-in-villupuram-3-injured-168037
2026-04-06,Unknown,"Dona Paula, Goa",15.45,73.81,1,1,Unregistered Mini Cooper rammed two-wheeler,"Mini Cooper, Two-wheeler",https://www.heraldgoa.in/goa/mini-cooper-in-fatal-crash-was-unregistered-unsupervised/471877/
2026-04-11,Unknown,"Periyapalayam Road, Chennai",13.3,80.15,1,2,Scooter collided head-on with speeding truck,Scooter/Truck,https://timesofindia.indiatimes.com/city/chennai/woman-dies-and-two-injured-in-scooty-and-truck-collision-near-periyapalayam-/articleshow/120497010.cms
2026-04-13,05:30 PM,"Anumanthapuram Firing Range, Chennai",12.69,80.01,1,4,Unexploded shell detonated during trek,,https://www.newindianexpress.com/cities/chennai/2026/Apr/13/one-student-killed-four-hurt-as-shell-blows-up-near-firing-range-in-chennai
2026-04-13,Night,"Maraikayar Pattinam, Mandapam NH",9.28,79.12,3,1,Head-on collision between two bikers,Two motorcycles,https://www.newindianexpress.com/states/tamil-nadu/2026/Apr/14/seven-killed-and-three-hurt-in-two-road-accidents-in-tn
2026-04-14,Unknown,"Ettayapuram, Thoothukudi-Madurai Highway",9.15,77.99,4,2,Car rammed into illegally parked lorry,"Car, Lorry",https://www.newindianexpress.com/states/tamil-nadu/2026/Apr/14/seven-killed-and-three-hurt-in-two-road-accidents-in-tn
2026-04-15,Unknown,"Pedda Amberpet ORR, Hyderabad",17.32,78.68,2,3,Car rammed into water tanker in first lane,"Car, Water Tanker",https://www.newindianexpress.com/cities/hyderabad/2026/Apr/15/man-toddler-son-killed-in-outer-ring-road-crash-near-pedda-amberpet
2026-04-20,Unknown,"Sivakasi, Tamil Nadu",9.45,77.81,23,6,Massive blast at firecracker unit,,https://timesofindia.indiatimes.com/city/chennai/23-dead-6-injured-in-massive-blast-at-tn-firecracker-unit-owner-on-the-run-licence-may-be-cancelled/articleshow/130380013.cms
2026-04-23,Unknown,"Tharapakkam Road, Chennai",13.01,80.14,1,0,Stray cattle rammed motorcycle,Motorcycle,https://timesofindia.indiatimes.com/city/chennai/24-year-old-youth-dies-as-stray-cattle-rams-bike-on-tharapakkam-road-at-chennai/articleshow/130450457.cms
2026-04-25,Unknown,Tirupattur (Near Town),12.49,78.57,1,0,Accident caused by underage driver,Two-wheeler,https://timesofindia.indiatimes.com/city/chennai/girl-dies-in-accident-caused-by-underage-driver-near-tirupattur/articleshow/130519510.cms
2026-05-01,Unknown,"Shamshabad ORR, Hyderabad",17.25,78.42,6,1,Car hit lorry from behind at high speed,"Car, Lorry",https://www.newindianexpress.com/states/telangana/2026/May/01/six-killed-after-car-hits-lorry-from-behind-in-shamshabad
2026-05-05,03:30 PM,"Jhootha village, Beawar-Pindwara Highway, Rajasthan",26.05,74.15,1,1,Lost control avoiding cow and hit divider,SUV (Scorpio),https://www.bhaskarenglish.in/local/rajasthan/news/beawar-pindwara-road-accident-rb-chaudhary-films-137864363.html
2026-05-10,Early Hours,"Bongloor-Thukkuguda ORR, Hyderabad",17.2185,78.5832,2,0,Car rammed into container truck ahead (Actor crash),"Car, Container Truck",https://www.thestatesman.com/entertainment/southern_cinema/k-bharath-kanth-g-sai-trilok-telugu-actor-cinematographer-death-hyderabad-orr-truck-road-accident-1503592408.html
2026-05-14,11:30 PM,"Adityaram Film City, Panaiyur, Chennai",12.87,80.245,1,0,Electrocution during set construction (Jailer 2),,https://www.news18.com/movies/tamil-cinema/jailer-2-set-accident-crew-member-dies-of-electrocution-during-shoot-of-rajinikanth-starrer-in-chennai-ws-l-10092663.html
2026-05-16,Unknown,"Maduravoyal Bypass, Chennai",13.045,80.155,1,0,Illegal bike racing accident,Motorcycle,https://www.dtnext.in/news/chennai/chennai-illegal-bike-race-on-maduravoyal-bypass-leaves-engineering-student-dead
2026-05-17,05:00 PM,"Ayyapatti Bridge, Kottampatti, Madurai",10.22,78.36,5,0,SUV rammed into crash barrier on bridge,SUV,https://www.newindianexpress.com/states/tamil-nadu/2026/May/18/five-of-family-die-as-car-rams-crash-barrier-at-madurai-bridge
2026-05-18,Morning,"Dubare Elephant Camp, Karnataka",12.36,75.9,1,0,Trampled during elephant fight,Elephant,https://www.thenewsminute.com/karnataka/chennai-tourist-killed-during-elephant-fight-at-karnatakas-dubare-camp
